{"cameraMode":{"drawMode":0,"name":"Shaded","section":"Shading Mode"},"sceneLighting":false,"audioPlay":false,"sceneViewState":{"showFog":true,"showMaterialUpdate":true,"showSkybox":true,"showFlares":true,"showImageEffects":true,"showParticleSystems":true},"in2DMode":false,"pivot":{"x":0.00000762939453125,"y":0.10156559944152832,"z":0.2796892523765564},"rotation":{"x":-0.03862784802913666,"y":0.8932300806045532,"z":-0.07817774266004563,"w":-0.44110071659088137},"size":16.330141067504884,"orthographic":false}